aX,aY,aZ,gX,gY,gZ
0.411,1.461,0.753,-387.939,1.587,71.167
0.369,1.435,0.801,-366.028,-1.343,80.750
0.329,1.438,0.820,-335.693,-7.690,87.463
0.306,1.440,0.791,-304.993,-18.005,94.666
0.289,1.416,0.729,-276.550,-29.114,104.492
0.256,1.395,0.671,-252.869,-38.940,117.493
0.235,1.356,0.615,-231.873,-46.143,132.446
0.232,1.307,0.552,-211.975,-50.049,147.461
0.230,1.265,0.493,-191.223,-49.622,159.790
0.229,1.244,0.446,-169.800,-46.021,168.518
0.235,1.215,0.419,-146.423,-41.321,174.683
0.235,1.193,0.378,-118.164,-35.950,178.650
0.210,1.200,0.266,-87.646,-30.579,180.298
0.210,1.174,0.177,-60.913,-23.010,181.274
0.239,1.111,0.135,-37.476,-13.550,181.213
0.259,1.024,0.093,-14.893,-4.578,178.955
0.255,0.946,0.045,2.686,2.991,173.950
0.245,0.872,0.016,14.221,10.376,166.077
0.246,0.802,0.001,19.226,16.968,156.677
0.251,0.763,-0.003,18.799,22.644,145.691
0.246,0.777,0.008,15.381,26.855,133.545
0.240,0.804,0.035,11.292,29.480,121.704
0.247,0.802,0.070,7.751,30.151,110.840
0.239,0.775,0.107,5.920,28.870,100.891
0.284,0.768,0.143,5.859,24.780,90.149
0.331,0.767,0.163,5.432,18.127,79.834
0.356,0.764,0.173,5.615,10.803,70.313
0.371,0.746,0.183,7.385,2.563,61.340
0.377,0.719,0.193,9.521,-5.554,52.917
0.372,0.696,0.195,11.963,-14.282,44.312
0.355,0.677,0.185,14.587,-22.827,35.217
0.339,0.670,0.172,17.151,-30.151,25.696
0.323,0.667,0.154,20.264,-35.339,15.930
0.306,0.665,0.128,23.437,-38.391,5.371
0.279,0.681,0.099,27.283,-38.635,-4.944
0.237,0.726,0.068,31.067,-36.499,-15.381
0.178,0.789,0.035,33.875,-32.288,-24.170
0.122,0.841,0.004,34.607,-26.489,-30.518
0.085,0.904,-0.021,33.630,-20.142,-33.813
0.055,0.909,-0.014,32.227,-13.855,-33.997
0.014,0.909,-0.046,29.541,-8.911,-33.264
-0.029,0.919,-0.067,25.818,-3.601,-33.936
-0.075,0.940,-0.080,21.118,1.831,-35.645
-0.120,0.977,-0.072,16.357,7.629,-37.354
-0.165,1.012,-0.063,12.146,13.733,-37.964
-0.202,1.040,-0.049,9.644,20.508,-37.842
-0.229,1.073,-0.026,9.827,27.710,-37.048
-0.248,1.107,0.003,11.597,35.461,-35.828
-0.255,1.122,0.043,14.282,42.908,-33.875
-0.252,1.112,0.077,17.456,48.889,-31.433
-0.242,1.091,0.110,20.691,53.650,-29.236
-0.232,1.075,0.148,23.743,57.373,-27.893
-0.222,1.058,0.183,26.978,59.387,-27.283
-0.211,1.045,0.201,31.433,59.387,-27.527
-0.195,1.029,0.225,36.194,57.312,-28.381
-0.176,1.020,0.221,40.344,53.284,-29.175
-0.148,1.004,0.220,43.396,47.852,-29.236
-0.116,0.996,0.222,43.823,41.748,-29.297
-0.085,0.993,0.226,41.687,34.607,-29.236
-0.057,0.979,0.241,37.476,27.222,-29.236
-0.033,0.979,0.270,31.921,19.470,-29.236
-0.015,0.981,0.291,26.306,10.681,-29.053
-0.003,0.988,0.281,22.278,0.671,-28.992
0.011,0.986,0.273,20.996,-8.850,-28.992
0.031,0.968,0.265,20.203,-17.334,-29.175
0.051,0.944,0.256,17.944,-24.658,-29.785
0.072,0.906,0.238,15.015,-29.907,-29.968
0.091,0.889,0.245,12.939,-32.715,-29.968
0.104,0.840,0.230,12.024,-33.325,-29.602
0.116,0.814,0.238,11.719,-32.471,-29.602
0.121,0.790,0.229,11.780,-30.518,-30.640
0.133,0.767,0.227,12.939,-27.527,-33.508
0.143,0.778,0.238,14.160,-23.560,-37.781
0.141,0.793,0.240,16.418,-19.531,-42.297
0.143,0.781,0.245,19.653,-15.808,-46.692
0.146,0.802,0.257,22.095,-12.146,-51.392
0.139,0.832,0.260,22.583,-9.399,-55.603
0.138,0.850,0.293,21.973,-7.263,-58.472
0.149,0.885,0.335,20.325,-6.470,-60.669
0.147,0.928,0.346,18.005,-7.751,-62.439
0.144,0.947,0.359,18.616,-10.193,-63.232
0.139,0.949,0.372,20.142,-13.367,-63.843
0.132,0.952,0.383,20.203,-16.602,-64.331
0.118,0.982,0.395,19.165,-20.264,-64.575
0.102,1.002,0.401,18.982,-25.024,-64.087
0.089,1.010,0.400,18.921,-30.640,-63.232
0.080,1.017,0.391,17.822,-36.804,-61.584
0.074,1.027,0.378,16.113,-42.786,-59.753
0.068,1.025,0.371,14.709,-48.035,-57.007
0.057,1.021,0.368,12.512,-53.406,-54.504
0.051,1.021,0.358,9.094,-57.251,-52.124
0.045,1.024,0.349,6.409,-60.364,-50.171
0.035,1.032,0.345,5.493,-62.195,-47.974
0.024,1.031,0.343,5.554,-63.354,-45.898
0.014,1.024,0.331,5.615,-64.026,-43.518
0.005,1.023,0.323,5.981,-64.514,-41.016
0.001,1.037,0.307,6.348,-64.026,-38.147
0.001,1.041,0.284,7.874,-62.988,-34.912
-0.013,1.058,0.209,10.559,-60.303,-31.067
-0.025,1.054,0.172,14.404,-54.749,-26.550
-0.030,1.060,0.125,17.761,-46.448,-21.484
-0.014,1.045,0.137,19.653,-36.865,-16.235
0.003,1.028,0.152,19.287,-28.381,-11.536
0.005,1.026,0.136,18.799,-21.362,-7.080
0.007,1.004,0.165,20.447,-14.465,-3.723
0.015,0.999,0.166,20.996,-8.240,-0.671
0.029,0.989,0.158,19.897,-3.052,2.502
0.040,0.974,0.167,19.958,2.319,6.409
0.051,0.959,0.177,18.799,6.958,9.827
0.065,0.951,0.189,16.907,10.864,13.306
0.074,0.950,0.196,14.465,13.611,16.113
0.077,0.898,0.195,12.451,15.869,17.883
0.101,0.936,0.214,9.949,17.883,17.456
0.118,0.963,0.228,7.568,20.142,16.296
0.123,0.962,0.250,6.897,21.790,17.151
0.120,0.957,0.258,5.493,22.339,19.226
0.125,0.952,0.264,4.761,22.705,21.301
0.133,0.948,0.268,4.517,24.048,22.034
0.142,0.944,0.276,4.333,25.696,21.484
"",,,,,
0.977,-0.385,1.328,-58.899,126.648,97.961
0.853,-0.397,1.305,-49.866,124.451,86.304
0.753,-0.431,1.309,-29.785,118.774,75.256
0.686,-0.441,1.332,-17.212,111.633,64.697
0.623,-0.435,1.323,-9.521,101.807,55.603
0.584,-0.444,1.312,-1.038,90.881,48.523
0.542,-0.455,1.311,5.798,81.482,43.945
0.497,-0.476,1.312,6.409,73.730,42.419
0.458,-0.485,1.299,4.333,67.810,42.480
0.429,-0.477,1.252,1.343,63.293,42.236
0.400,-0.459,1.206,1.953,59.326,41.321
0.372,-0.450,1.185,6.409,55.725,39.368
0.338,-0.415,1.158,11.963,51.147,36.011
0.296,-0.379,1.120,17.700,46.082,32.288
0.255,-0.331,1.095,23.437,40.833,29.480
0.228,-0.289,1.079,31.738,34.912,28.259
0.212,-0.260,1.062,42.053,28.076,28.259
0.202,-0.236,1.035,51.758,20.447,29.541
0.180,-0.212,1.001,59.998,12.085,32.532
0.158,-0.193,0.971,63.843,4.028,37.231
0.143,-0.182,0.940,62.805,-3.906,43.274
0.140,-0.178,0.908,59.875,-11.047,50.415
0.138,-0.177,0.886,56.152,-17.273,57.312
0.129,-0.179,0.880,52.612,-22.766,63.660
0.111,-0.188,0.880,49.500,-27.100,68.176
0.095,-0.188,0.894,46.143,-30.823,70.862
0.074,-0.176,0.920,41.809,-35.034,71.228
0.050,-0.165,0.950,38.818,-40.100,70.313
0.026,-0.166,0.990,36.560,-46.143,68.298
0.004,-0.186,1.035,33.264,-54.443,65.552
-0.004,-0.219,1.081,28.564,-64.697,61.768
-0.005,-0.244,1.128,22.339,-75.806,56.152
0.009,-0.274,1.169,17.761,-87.463,49.744
0.034,-0.316,1.205,15.381,-99.304,41.748
0.070,-0.351,1.246,12.573,-110.962,32.227
0.094,-0.385,1.281,10.071,-122.803,21.912
0.138,-0.411,1.303,7.812,-134.521,10.742
0.189,-0.415,1.333,6.287,-146.179,0.183
0.231,-0.424,1.346,7.324,-157.104,-8.667
0.274,-0.414,1.348,8.972,-167.480,-16.724
0.308,-0.378,1.324,10.620,-175.903,-22.827
0.339,-0.326,1.281,14.221,-180.969,-25.879
0.371,-0.265,1.234,18.494,-182.129,-25.330
0.400,-0.203,1.190,22.156,-179.993,-22.156
0.424,-0.142,1.156,25.513,-175.110,-16.663
0.456,-0.080,1.134,28.870,-169.312,-10.193
0.486,-0.024,1.102,33.447,-163.879,-3.540
0.509,0.022,1.056,37.903,-159.546,3.418
0.529,0.061,1.012,40.222,-155.457,10.803
0.537,0.085,0.980,40.894,-151.978,18.250
0.537,0.092,0.957,40.710,-148.621,25.330
0.533,0.079,0.935,40.161,-145.813,31.616
0.519,0.068,0.928,37.964,-143.982,36.072
0.506,0.052,0.927,36.438,-142.700,38.513
0.493,0.036,0.937,37.170,-142.151,38.940
0.476,0.032,0.952,38.452,-142.029,37.292
0.448,0.035,0.929,38.025,-141.357,35.339
0.412,0.037,0.909,38.025,-138.062,33.875
0.384,0.038,0.901,38.147,-132.019,33.447
0.370,0.033,0.910,36.987,-124.451,33.936
0.362,0.035,0.885,34.668,-116.394,34.851
0.348,0.032,0.884,32.471,-108.093,36.133
0.333,0.015,0.882,30.151,-99.487,37.354
0.325,0.003,0.872,27.100,-91.370,38.330
0.319,-0.009,0.863,23.926,-83.374,38.879
0.310,-0.025,0.860,21.423,-75.989,38.330
0.298,-0.039,0.861,19.104,-69.641,37.048
0.281,-0.051,0.864,17.273,-64.453,34.790
0.269,-0.061,0.873,15.808,-60.669,32.227
0.256,-0.072,0.883,14.465,-58.411,29.419
0.243,-0.076,0.895,11.963,-57.556,26.245
0.232,-0.062,0.902,7.507,-58.044,23.621
0.226,-0.060,0.909,3.052,-58.289,21.790
0.214,-0.073,0.914,-0.244,-58.411,20.142
0.200,-0.083,0.912,-4.272,-57.800,18.066
0.194,-0.093,0.909,-7.690,-56.335,15.808
0.189,-0.105,0.905,-10.498,-54.016,12.817
0.185,-0.120,0.900,-12.878,-51.025,10.071
0.178,-0.130,0.895,-15.564,-47.180,7.446
0.173,-0.134,0.885,-18.738,-43.152,5.249
0.167,-0.135,0.872,-20.996,-38.208,3.601
0.160,-0.137,0.865,-22.766,-32.654,2.441
0.153,-0.141,0.860,-23.865,-26.917,1.587
0.148,-0.140,0.850,-24.658,-20.996,1.099
0.144,-0.141,0.837,-25.208,-15.381,0.610
0.142,-0.146,0.826,-25.757,-9.827,1.343
0.140,-0.148,0.820,-26.550,-4.395,3.723
0.136,-0.146,0.827,-25.879,1.099,7.568
0.136,-0.152,0.844,-23.743,6.348,11.353
0.133,-0.164,0.876,-21.484,10.620,14.954
0.130,-0.175,0.915,-19.775,13.123,17.944
0.121,-0.186,0.953,-18.311,14.282,20.325
0.113,-0.194,0.986,-18.066,14.160,21.851
0.093,-0.202,1.017,-19.958,12.695,22.217
0.062,-0.211,1.047,-23.560,9.888,21.912
0.035,-0.207,1.075,-30.457,6.531,21.484
0.007,-0.197,1.088,-37.292,3.479,20.752
-0.015,-0.200,1.073,-40.588,1.892,20.386
-0.037,-0.190,1.053,-43.823,2.136,20.020
-0.041,-0.192,1.039,-46.204,4.211,20.813
-0.033,-0.203,1.040,-45.715,8.057,23.254
-0.023,-0.215,1.029,-43.701,12.573,26.001
-0.032,-0.232,1.016,-40.710,15.991,28.931
-0.047,-0.252,1.030,-37.903,19.836,32.043
-0.067,-0.272,1.039,-35.706,23.437,35.034
-0.098,-0.267,1.035,-34.119,25.635,37.903
-0.129,-0.269,1.024,-31.982,27.893,40.894
-0.155,-0.271,1.024,-30.701,30.151,44.495
-0.161,-0.271,1.026,-30.823,31.860,48.279
-0.176,-0.269,1.023,-30.823,32.104,50.903
-0.219,-0.269,1.019,-30.273,30.884,52.734
-0.250,-0.274,1.020,-28.259,29.724,54.688
-0.270,-0.279,1.035,-26.062,28.625,56.702
-0.311,-0.274,1.038,-23.437,26.978,58.533
-0.333,-0.281,1.059,-18.921,25.391,59.814
-0.357,-0.278,1.073,-14.709,23.315,60.730
-0.379,-0.271,1.082,-11.047,20.813,61.340
-0.388,-0.266,1.098,-7.935,18.188,62.073
-0.402,-0.248,1.079,-7.202,15.320,63.110
"",,,,,
1.001,-0.605,0.928,-176.208,51.575,-1.160
0.847,-0.573,0.854,-194.580,50.537,-14.893
0.736,-0.474,0.681,-195.251,51.208,-26.672
0.662,-0.300,0.540,-184.631,56.458,-34.363
0.610,-0.213,0.525,-145.142,65.796,-37.720
0.557,-0.302,0.614,-72.327,75.378,-38.147
0.536,-0.453,0.755,-7.629,79.163,-35.217
0.539,-0.489,0.841,25.208,74.463,-32.715
0.583,-0.434,0.779,48.462,63.965,-33.264
0.617,-0.400,0.687,79.041,53.223,-32.288
0.484,-0.529,0.587,106.934,47.119,-27.466
0.353,-0.574,0.584,109.314,47.485,-17.761
0.317,-0.598,0.535,86.792,52.063,-4.883
0.291,-0.573,0.573,46.692,56.824,4.944
0.295,-0.505,0.658,1.709,57.007,8.789
0.456,-0.403,0.771,-24.170,50.903,6.958
0.653,-0.268,0.903,-14.771,43.701,2.869
0.745,-0.157,0.989,27.832,37.048,-0.549
0.788,-0.141,1.030,74.890,30.457,-0.671
0.880,-0.346,0.749,104.675,24.353,1.953
1.000,-0.596,0.620,85.083,22.095,4.395
1.037,-0.775,0.556,61.829,22.034,1.221
1.035,-0.835,0.625,72.449,21.362,-8.118
1.029,-0.922,0.653,84.412,19.287,-18.921
0.944,-0.866,0.661,80.261,16.541,-29.114
0.803,-0.709,0.653,58.899,13.428,-36.255
0.649,-0.602,0.641,42.969,10.010,-39.551
0.525,-0.569,0.640,37.292,6.165,-40.588
0.428,-0.575,0.626,32.043,1.709,-40.710
0.308,-0.583,0.564,26.489,-3.845,-40.161
0.211,-0.548,0.501,17.761,-9.216,-39.063
0.128,-0.458,0.431,1.404,-14.526,-35.522
0.145,-0.385,0.350,-19.470,-19.653,-28.381
0.215,-0.331,0.302,-47.180,-22.156,-17.273
0.328,-0.296,0.308,-80.688,-20.813,-4.822
0.530,-0.300,0.362,-97.046,-17.578,4.150
0.620,-0.259,0.416,-94.604,-13.611,8.179
0.735,-0.240,0.533,-100.647,-10.864,10.132
0.765,-0.231,0.587,-108.521,-10.437,11.902
0.777,-0.229,0.672,-121.216,-11.780,12.939
0.774,-0.200,0.764,-129.272,-15.808,13.916
0.691,-0.088,0.752,-125.854,-22.339,16.541
0.590,0.011,0.762,-102.478,-28.748,22.095
0.491,-0.004,0.745,-68.604,-34.729,31.311
0.400,-0.097,0.679,-34.058,-38.391,42.847
0.349,-0.193,0.613,-15.259,-37.354,55.115
0.320,-0.266,0.571,-18.372,-31.372,67.383
0.336,-0.290,0.581,-31.433,-23.987,75.867
0.375,-0.298,0.632,-44.189,-20.325,79.712
0.379,-0.355,0.726,-52.063,-22.400,79.834
0.398,-0.389,0.785,-62.500,-29.968,76.233
0.430,-0.407,0.809,-82.275,-40.283,73.975
0.487,-0.405,0.860,-103.210,-50.110,76.172
0.571,-0.409,0.911,-114.258,-59.326,81.055
0.705,-0.389,1.034,-114.929,-68.665,84.167
0.775,-0.385,1.060,-111.145,-82.764,83.862
0.763,-0.353,1.075,-119.812,-96.680,81.909
0.661,-0.349,1.071,-133.240,-105.591,74.402
0.544,-0.323,1.107,-147.339,-113.098,59.387
0.433,-0.264,1.111,-155.029,-122.803,41.138
0.370,-0.143,1.123,-159.790,-134.644,28.381
0.378,-0.009,1.128,-165.771,-147.888,26.306
0.402,0.060,1.118,-173.401,-160.950,32.715
0.422,0.081,1.161,-180.481,-171.814,43.518
0.421,0.052,1.172,-185.669,-180.542,52.856
0.416,-0.029,1.205,-195.007,-188.110,57.617
0.406,-0.066,1.276,-209.717,-194.153,55.420
0.367,-0.029,1.361,-221.863,-198.914,47.363
0.312,0.034,1.416,-226.318,-204.224,36.926
0.267,0.132,1.453,-219.604,-208.740,28.687
0.225,0.231,1.446,-204.895,-211.670,26.245
0.178,0.293,1.408,-184.082,-211.487,30.212
0.147,0.338,1.359,-157.898,-207.031,39.001
0.134,0.346,1.315,-131.104,-198.120,49.438
0.119,0.319,1.281,-109.192,-185.242,59.875
0.074,0.287,1.312,-93.933,-169.556,68.054
0.012,0.284,1.352,-84.473,-153.503,72.571
-0.036,0.305,1.352,-75.317,-138.306,73.303
-0.057,0.322,1.293,-59.509,-123.169,71.716
-0.060,0.320,1.226,-40.710,-106.689,69.275
-0.063,0.346,1.175,-27.710,-88.745,67.810
-0.062,0.363,1.131,-21.912,-70.068,67.932
-0.058,0.359,1.094,-18.005,-51.453,68.237
-0.052,0.344,1.061,-16.479,-34.790,68.176
-0.044,0.327,1.024,-17.944,-20.203,66.895
-0.032,0.333,0.984,-21.362,-8.484,64.270
-0.022,0.349,0.932,-23.804,0.610,60.669
-0.014,0.363,0.881,-24.292,6.897,55.908
0.006,0.396,0.907,-25.696,10.803,51.086
-0.005,0.522,0.769,-27.954,10.315,46.997
0.011,0.531,0.802,-25.452,10.010,46.936
0.019,0.542,0.774,-15.015,7.996,45.654
0.035,0.551,0.710,3.235,3.479,42.358
0.087,0.541,0.620,22.095,3.174,38.513
0.117,0.529,0.570,31.677,9.399,36.011
0.150,0.408,0.526,34.729,21.729,32.715
0.131,0.317,0.514,36.499,37.598,26.184
-0.004,0.380,0.534,36.865,54.993,18.311
-0.038,0.396,0.508,40.222,71.167,13.062
-0.031,0.396,0.513,39.917,86.243,9.521
-0.015,0.398,0.518,34.790,100.098,6.470
0.030,0.381,0.513,33.630,113.220,2.686
0.106,0.345,0.525,34.546,125.671,-0.977
0.182,0.314,0.572,26.794,136.353,-5.188
0.235,0.303,0.676,5.798,143.127,-10.010
0.262,0.295,0.772,-20.691,142.944,-15.076
0.279,0.304,0.845,-38.635,134.521,-21.240
0.264,0.344,0.880,-48.035,117.981,-27.222
0.249,0.432,0.865,-49.622,94.177,-31.494
0.343,0.651,0.800,-33.752,64.514,-33.447
0.331,0.740,0.771,21.912,28.076,-28.870
0.251,0.624,0.762,81.299,-7.507,-17.578
0.210,0.517,0.735,101.318,-34.241,-8.057
0.227,0.489,0.690,99.976,-51.819,-4.333
0.199,0.414,0.566,102.356,-61.951,-2.930
0.162,0.396,0.486,79.102,-67.444,0.305
0.178,0.412,0.451,42.664,-69.336,4.211
0.226,0.428,0.455,15.564,-68.359,7.019
0.260,0.444,0.468,-5.737,-66.284,6.592
"",,,,,
0.749,0.830,0.977,-13.123,-117.249,16.846
0.721,0.789,1.020,13.123,-116.272,17.090
0.719,0.741,1.040,34.607,-118.408,18.494
0.735,0.678,1.023,50.903,-123.779,20.691
0.732,0.643,0.995,60.669,-130.188,22.095
0.678,0.615,0.977,70.557,-135.681,24.231
0.737,0.545,0.898,89.172,-139.709,26.428
0.819,0.493,0.793,98.877,-143.433,23.926
0.844,0.461,0.716,96.069,-145.020,18.860
0.826,0.422,0.698,84.229,-144.226,13.733
0.834,0.399,0.736,74.646,-142.151,9.766
0.843,0.342,0.747,68.665,-139.282,6.226
0.855,0.274,0.749,64.392,-137.512,0.732
0.838,0.242,0.732,59.814,-136.536,-6.470
0.785,0.212,0.693,54.199,-134.644,-13.184
0.742,0.189,0.657,47.363,-131.348,-18.433
0.714,0.160,0.610,36.011,-127.747,-22.095
0.725,0.152,0.547,21.179,-123.047,-23.926
0.739,0.188,0.487,-1.221,-117.310,-25.330
0.743,0.239,0.479,-24.658,-109.802,-25.940
0.744,0.308,0.480,-37.720,-98.999,-25.146
0.709,0.306,0.530,-40.466,-85.327,-23.804
0.666,0.280,0.564,-38.696,-71.289,-22.095
0.613,0.235,0.588,-38.208,-59.509,-20.996
0.560,0.207,0.608,-37.720,-51.086,-20.325
0.508,0.203,0.649,-38.818,-45.166,-20.203
0.457,0.223,0.677,-38.391,-41.809,-20.325
0.413,0.264,0.677,-36.011,-40.771,-20.264
0.371,0.274,0.666,-32.959,-40.771,-18.311
0.351,0.283,0.634,-31.738,-40.771,-15.137
0.335,0.289,0.593,-32.532,-40.771,-10.986
0.327,0.297,0.556,-32.959,-39.917,-6.531
0.331,0.311,0.521,-35.400,-38.269,-1.770
0.347,0.321,0.493,-37.659,-35.095,2.930
0.359,0.321,0.475,-37.903,-30.151,7.751
0.366,0.317,0.478,-38.879,-24.109,12.268
0.378,0.325,0.503,-41.016,-18.005,16.174
0.394,0.354,0.552,-45.593,-13.123,19.226
0.414,0.383,0.600,-51.392,-10.193,21.484
0.431,0.393,0.626,-55.542,-9.583,23.376
0.443,0.388,0.654,-59.143,-9.949,24.170
0.445,0.394,0.705,-62.012,-10.925,23.437
0.440,0.427,0.762,-62.927,-12.573,20.447
0.432,0.479,0.800,-62.561,-16.113,16.113
0.423,0.499,0.826,-62.195,-22.095,11.841
0.364,0.564,0.729,-62.866,-29.846,8.789
0.301,0.640,0.566,-65.979,-35.400,8.911
0.317,0.604,0.645,-66.162,-33.447,13.123
0.328,0.568,0.669,-64.270,-33.813,15.320
0.306,0.552,0.607,-62.988,-35.889,15.137
0.265,0.541,0.519,-62.378,-33.447,13.489
0.241,0.551,0.467,-62.073,-25.696,10.864
0.235,0.588,0.478,-61.523,-15.747,8.789
0.237,0.621,0.534,-59.753,-6.714,6.897
0.241,0.647,0.594,-58.777,-0.916,4.944
0.247,0.666,0.628,-58.228,1.770,2.869
0.252,0.684,0.642,-55.542,3.174,0.305
0.258,0.712,0.655,-50.110,4.639,-2.991
0.251,0.713,0.645,-42.236,6.348,-6.470
0.242,0.693,0.623,-34.546,7.629,-10.315
0.229,0.667,0.603,-30.457,9.094,-14.099
0.219,0.649,0.591,-31.494,10.376,-17.212
0.222,0.633,0.577,-35.095,11.292,-19.836
0.222,0.631,0.547,-38.879,12.268,-22.888
0.232,0.674,0.527,-44.189,15.686,-26.978
0.237,0.728,0.528,-47.363,20.874,-31.982
0.242,0.744,0.535,-44.189,24.414,-37.537
0.241,0.728,0.542,-39.368,26.306,-42.908
0.239,0.711,0.547,-37.231,27.710,-47.729
0.243,0.731,0.562,-37.598,28.442,-51.331
0.240,0.771,0.570,-37.781,28.992,-53.528
0.236,0.805,0.575,-38.025,28.809,-55.176
0.229,0.820,0.575,-37.109,27.466,-56.519
0.220,0.816,0.574,-35.339,25.757,-57.617
0.214,0.820,0.574,-33.630,23.560,-58.044
0.208,0.824,0.582,-30.884,21.423,-57.800
0.192,0.831,0.586,-27.893,19.897,-56.091
0.186,0.877,0.616,-27.527,18.738,-53.345
0.169,0.893,0.632,-26.306,17.944,-50.232
0.154,0.885,0.634,-25.818,16.479,-47.302
0.131,0.891,0.619,-28.137,13.306,-45.044
0.110,0.911,0.625,-35.339,7.629,-43.396
0.125,0.933,0.640,-45.044,0.061,-41.260
0.166,0.919,0.642,-56.580,-8.362,-39.429
0.236,0.889,0.609,-67.627,-15.808,-39.551
0.158,0.895,0.574,-76.355,-20.325,-44.067
0.050,0.949,0.560,-81.238,-20.935,-50.049
0.056,1.008,0.523,-78.125,-20.691,-51.208
0.141,1.041,0.470,-70.679,-19.897,-44.678
0.198,1.040,0.411,-65.613,-18.921,-32.532
0.208,0.979,0.362,-66.406,-17.761,-19.531
0.207,0.904,0.326,-70.007,-16.968,-10.254
0.225,0.864,0.291,-76.111,-16.418,-5.432
0.242,0.854,0.259,-84.229,-16.052,-3.296
0.233,0.846,0.241,-93.018,-15.930,-2.258
0.213,0.849,0.231,-100.281,-14.893,-1.770
0.199,0.864,0.222,-102.295,-12.451,-1.099
0.190,0.879,0.209,-97.534,-8.118,1.343
0.185,0.875,0.196,-87.830,-1.709,5.981
0.191,0.859,0.188,-74.890,6.348,11.536
0.216,0.851,0.179,-62.195,15.259,16.357
0.245,0.837,0.185,-51.331,24.292,20.020
0.271,0.826,0.207,-43.274,32.288,22.400
0.298,0.822,0.233,-37.720,39.307,22.766
0.312,0.833,0.263,-35.278,45.349,21.545
0.309,0.854,0.277,-35.828,49.988,18.860
0.293,0.879,0.270,-40.283,53.406,16.602
0.289,0.925,0.282,-49.011,55.847,15.869
0.317,1.000,0.346,-57.129,58.105,16.174
0.335,1.083,0.390,-50.293,59.753,15.686
0.302,1.114,0.394,-29.419,59.570,13.855
0.264,1.071,0.414,-8.545,56.152,11.047
0.355,1.054,0.384,6.287,49.805,6.653
0.403,1.073,0.353,6.104,41.382,4.639
0.414,1.117,0.364,-1.831,30.884,6.226
0.377,1.158,0.362,-9.216,19.043,9.155
0.321,1.199,0.361,-12.634,6.897,11.169
0.274,1.236,0.332,-12.878,-4.150,11.902
0.240,1.267,0.291,-12.329,-12.573,11.658
"",,,,,
0.445,0.755,1.190,73.975,-124.573,-2.563
0.505,0.626,1.088,65.308,-138.428,1.038
0.576,0.428,0.984,49.805,-150.879,2.808
0.598,0.396,0.932,28.442,-161.926,-0.366
0.608,0.475,0.872,16.968,-168.701,-7.141
0.622,0.534,0.819,17.334,-170.288,-12.573
0.611,0.528,0.773,22.827,-169.861,-15.137
0.600,0.501,0.723,25.940,-170.288,-16.785
0.581,0.488,0.661,24.048,-171.204,-18.616
0.551,0.448,0.591,20.325,-170.715,-20.325
0.519,0.426,0.536,15.198,-168.579,-22.400
0.488,0.434,0.512,9.033,-165.161,-24.963
0.442,0.442,0.499,5.249,-160.522,-27.039
0.378,0.429,0.478,5.066,-155.762,-28.564
0.339,0.393,0.446,9.338,-150.818,-31.372
0.312,0.373,0.416,16.907,-145.020,-36.011
0.280,0.385,0.381,22.888,-140.137,-41.931
0.242,0.416,0.344,25.208,-136.230,-47.424
0.209,0.459,0.307,24.231,-132.751,-50.842
0.178,0.510,0.283,19.592,-129.089,-52.673
0.152,0.555,0.272,13.184,-125.122,-51.697
0.136,0.576,0.266,5.737,-121.338,-49.072
0.125,0.564,0.259,-0.061,-116.821,-45.166
0.109,0.542,0.241,-2.197,-111.084,-40.955
0.090,0.525,0.233,-0.916,-103.943,-38.147
0.068,0.501,0.229,3.418,-95.764,-36.682
0.053,0.459,0.242,8.789,-87.463,-36.194
0.049,0.450,0.285,13.855,-78.857,-37.781
0.051,0.436,0.325,16.907,-70.740,-41.870
0.040,0.407,0.371,16.235,-64.087,-46.326
0.030,0.408,0.406,14.038,-59.509,-52.124
0.036,0.450,0.428,13.794,-56.091,-59.692
0.037,0.495,0.452,15.137,-52.856,-67.017
0.024,0.534,0.474,15.381,-50.354,-72.876
0.017,0.579,0.473,14.221,-49.438,-76.904
0.017,0.607,0.461,12.512,-48.401,-79.529
0.022,0.623,0.430,10.315,-46.753,-81.177
0.027,0.617,0.402,9.827,-43.884,-82.642
0.033,0.592,0.389,12.390,-39.246,-84.900
0.048,0.570,0.400,15.686,-33.386,-88.745
0.056,0.552,0.420,18.555,-27.649,-94.238
0.066,0.563,0.442,19.897,-22.522,-101.135
0.095,0.617,0.484,19.836,-18.982,-108.459
0.120,0.702,0.540,18.127,-16.724,-115.295
0.150,0.735,0.613,14.893,-16.785,-120.544
0.136,0.780,0.674,9.888,-20.569,-124.451
0.096,0.844,0.688,4.395,-27.588,-127.136
0.072,0.885,0.651,-0.427,-35.583,-127.258
0.086,0.871,0.588,-5.249,-42.664,-124.512
0.109,0.818,0.544,-11.230,-47.607,-120.422
0.132,0.758,0.528,-18.616,-50.842,-117.920
0.151,0.749,0.514,-27.344,-53.894,-117.432
0.169,0.788,0.479,-35.339,-56.763,-117.676
0.198,0.805,0.430,-40.527,-58.655,-117.310
0.237,0.801,0.411,-45.471,-58.533,-116.089
0.268,0.815,0.425,-50.049,-56.152,-115.356
0.289,0.851,0.449,-51.636,-52.124,-116.150
0.292,0.894,0.478,-49.194,-46.936,-116.760
0.282,0.936,0.500,-45.410,-42.175,-116.150
0.269,0.959,0.516,-41.382,-37.720,-113.281
0.262,0.967,0.525,-38.269,-33.813,-108.337
0.261,0.946,0.526,-35.400,-30.334,-102.356
0.254,0.914,0.515,-31.494,-26.428,-96.558
0.237,0.863,0.501,-27.161,-22.278,-91.553
0.249,0.808,0.488,-24.292,-18.127,-87.708
0.298,0.764,0.479,-23.621,-13.611,-84.961
0.334,0.724,0.487,-26.123,-9.705,-82.520
0.349,0.684,0.517,-29.602,-5.737,-81.970
0.373,0.670,0.570,-33.813,-2.747,-83.984
0.403,0.678,0.624,-39.063,-0.610,-87.219
0.420,0.698,0.657,-44.800,0.061,-90.637
0.423,0.724,0.673,-50.232,0.061,-93.750
0.423,0.758,0.686,-53.894,1.099,-96.985
0.417,0.803,0.703,-55.847,3.601,-99.426
0.406,0.847,0.718,-56.030,6.897,-100.769
0.386,0.885,0.734,-54.199,11.475,-100.464
0.357,0.914,0.750,-50.964,16.418,-98.389
0.333,0.919,0.773,-46.448,21.851,-94.543
0.319,0.906,0.808,-41.199,26.855,-89.600
0.306,0.876,0.844,-34.668,30.457,-85.144
0.299,0.837,0.872,-27.161,32.471,-81.726
0.297,0.803,0.880,-20.081,32.532,-80.017
0.295,0.783,0.874,-14.954,30.396,-79.163
0.287,0.778,0.860,-11.597,27.527,-78.979
0.276,0.786,0.835,-9.766,23.560,-78.857
0.261,0.800,0.801,-9.277,19.348,-77.637
0.243,0.819,0.771,-10.071,15.442,-75.562
0.224,0.827,0.734,-11.230,12.024,-71.777
0.209,0.817,0.693,-11.047,9.399,-66.956
0.206,0.802,0.658,-9.521,8.484,-61.707
0.210,0.785,0.635,-7.812,8.484,-56.702
0.217,0.764,0.622,-6.042,9.094,-52.612
0.221,0.744,0.608,-5.249,9.583,-49.316
0.223,0.696,0.585,-5.676,10.376,-46.753
0.236,0.704,0.583,-6.958,11.963,-45.593
0.244,0.718,0.613,-8.545,13.611,-44.739
0.240,0.744,0.629,-9.583,13.733,-43.518
0.239,0.779,0.645,-9.644,13.733,-42.297
0.236,0.810,0.657,-9.094,14.099,-41.016
0.245,0.812,0.664,-8.179,14.587,-39.429
0.257,0.828,0.688,-8.667,15.381,-37.537
0.261,0.845,0.718,-11.292,15.015,-33.691
0.257,0.858,0.735,-13.550,13.611,-29.114
0.250,0.862,0.740,-12.695,12.695,-24.841
0.235,0.866,0.724,-9.399,12.939,-20.508
0.222,0.850,0.754,-5.188,15.259,-16.113
0.225,0.835,0.795,-1.160,17.212,-12.634
0.234,0.830,0.835,1.099,18.005,-9.338
0.245,0.827,0.875,4.028,17.456,-6.836
0.244,0.811,0.913,5.737,14.771,-4.578
0.247,0.794,0.948,4.700,9.949,-2.258
0.258,0.780,0.996,1.099,3.052,-0.366
0.261,0.765,1.019,-5.310,-5.188,1.526
0.263,0.744,1.034,-12.024,-15.015,2.869
0.254,0.702,1.011,-17.517,-25.940,3.723
0.244,0.677,0.968,-22.400,-36.926,3.967
0.241,0.662,0.912,-24.963,-45.837,3.235
0.234,0.656,0.857,-25.024,-51.270,2.258
0.224,0.653,0.823,-22.888,-54.504,1.587
"",,,,,
0.677,0.248,1.521,-10.803,12.451,-55.420
0.656,0.199,1.372,-22.095,-17.822,-57.190
0.647,0.196,1.185,-29.297,-42.786,-60.486
0.617,0.236,1.021,-31.616,-61.279,-64.331
0.572,0.254,0.926,-30.640,-73.730,-65.918
0.576,0.283,0.846,-24.048,-81.055,-65.674
0.590,0.319,0.702,-10.925,-84.778,-66.101
0.538,0.323,0.583,-1.343,-83.862,-65.857
0.495,0.320,0.530,-2.808,-78.125,-63.416
0.470,0.322,0.552,-10.925,-69.824,-60.364
0.472,0.316,0.621,-19.958,-61.157,-57.251
0.506,0.291,0.715,-29.724,-53.589,-54.932
0.500,0.258,0.828,-38.879,-47.913,-53.772
0.443,0.267,0.930,-47.546,-44.556,-53.711
0.407,0.333,1.007,-57.312,-43.396,-52.673
0.397,0.435,1.042,-67.810,-44.861,-49.683
0.413,0.533,1.013,-78.857,-48.096,-43.701
0.492,0.530,0.926,-92.896,-51.453,-35.400
0.536,0.549,0.865,-118.469,-54.565,-28.259
0.560,0.539,0.871,-141.113,-56.763,-23.376
0.551,0.589,0.989,-155.640,-56.152,-19.653
0.487,0.556,1.035,-144.958,-52.490,-18.860
0.425,0.557,1.029,-120.422,-48.279,-19.775
0.368,0.541,1.075,-104.919,-41.321,-18.127
0.305,0.465,1.139,-74.646,-31.067,-15.747
0.260,0.437,1.242,-50.293,-22.217,-15.381
0.238,0.448,1.304,-35.278,-21.606,-17.639
0.239,0.484,1.266,-28.503,-29.968,-18.860
0.241,0.500,1.115,-29.236,-43.335,-17.700
0.244,0.498,0.938,-34.180,-56.152,-14.587
0.248,0.495,0.772,-40.466,-65.613,-11.719
0.236,0.472,0.618,-47.607,-71.350,-9.155
0.222,0.462,0.503,-54.932,-73.120,-6.531
0.217,0.447,0.408,-58.289,-71.533,-4.944
0.202,0.433,0.326,-55.969,-67.200,-4.150
0.193,0.450,0.279,-53.345,-59.204,-4.150
0.177,0.488,0.309,-50.049,-49.622,-4.639
0.169,0.491,0.297,-44.373,-40.771,-4.639
0.154,0.523,0.293,-40.344,-31.006,-4.333
0.145,0.562,0.308,-35.522,-20.813,-3.723
0.145,0.581,0.335,-29.785,-10.681,-1.282
0.144,0.561,0.386,-25.452,-2.319,2.502
0.176,0.535,0.446,-23.926,3.967,6.287
0.214,0.508,0.495,-24.414,8.240,9.399
0.246,0.468,0.529,-24.780,10.681,11.658
0.271,0.442,0.569,-24.719,11.902,12.329
0.294,0.438,0.616,-26.001,11.658,11.963
0.322,0.434,0.649,-27.832,9.888,11.047
0.347,0.424,0.662,-29.968,6.714,9.644
0.365,0.422,0.663,-31.738,3.662,7.568
0.390,0.426,0.676,-35.217,1.221,4.822
0.417,0.431,0.678,-39.368,-1.282,1.892
0.425,0.464,0.665,-44.922,-3.296,-1.160
0.408,0.500,0.657,-51.575,-4.700,-3.479
0.357,0.495,0.679,-56.091,-4.700,-5.188
0.351,0.495,0.713,-59.875,-4.517,-7.080
0.376,0.522,0.761,-66.833,-4.639,-9.033
0.396,0.550,0.817,-74.585,-6.226,-10.864
0.417,0.586,0.865,-84.167,-10.559,-12.146
0.436,0.610,0.881,-95.398,-18.250,-12.451
0.428,0.605,0.874,-107.422,-27.649,-11.536
0.418,0.592,0.850,-117.249,-37.292,-12.329
0.415,0.568,0.818,-124.817,-46.204,-14.648
0.407,0.574,0.780,-128.784,-54.138,-17.944
0.365,0.612,0.716,-130.066,-61.035,-21.545
0.312,0.673,0.639,-132.690,-66.467,-24.170
0.276,0.745,0.571,-135.620,-69.275,-25.696
0.282,0.786,0.529,-136.963,-69.641,-26.306
0.293,0.809,0.503,-139.954,-68.420,-26.672
0.278,0.835,0.493,-144.775,-66.589,-27.222
0.285,0.864,0.492,-148.193,-65.491,-28.564
0.295,0.871,0.491,-156.006,-66.406,-29.907
0.247,0.942,0.490,-169.983,-69.336,-31.433
0.143,0.998,0.485,-170.410,-69.214,-28.442
0.073,1.020,0.480,-153.687,-63.660,-22.644
0.044,1.020,0.470,-125.793,-56.885,-19.348
-0.013,1.019,0.458,-104.065,-51.147,-17.212
-0.066,1.034,0.452,-91.370,-45.471,-14.832
-0.085,1.054,0.463,-80.688,-39.246,-12.390
-0.096,1.053,0.494,-66.528,-31.921,-9.827
-0.094,1.038,0.537,-51.147,-25.696,-7.568
-0.088,1.019,0.583,-39.246,-21.790,-5.432
-0.073,1.006,0.626,-32.288,-20.691,-3.845
-0.070,0.984,0.671,-24.719,-21.545,-3.052
-0.062,0.936,0.731,-15.930,-23.071,-1.953
-0.029,0.899,0.770,-12.451,-27.283,-0.854
0.005,0.874,0.777,-12.024,-34.485,-0.366
0.041,0.856,0.776,-11.230,-43.030,-0.793
0.073,0.848,0.758,-12.085,-51.941,-1.587
0.108,0.844,0.722,-14.954,-61.035,-2.808
0.129,0.839,0.669,-17.761,-69.397,-3.662
0.137,0.843,0.610,-20.508,-76.111,-4.456
0.131,0.861,0.552,-23.071,-80.566,-5.249
0.124,0.881,0.508,-23.254,-81.787,-5.798
0.129,0.907,0.474,-20.935,-80.811,-5.676
0.145,0.938,0.453,-16.052,-78.186,-5.188
0.163,0.959,0.437,-9.583,-74.890,-3.845
0.176,0.961,0.421,-2.075,-71.228,-1.282
0.193,0.943,0.407,4.517,-67.993,1.648
0.212,0.914,0.385,9.033,-65.430,4.028
0.225,0.877,0.365,11.047,-63.049,5.554
0.235,0.849,0.350,10.132,-60.913,5.859
0.246,0.839,0.344,7.019,-58.655,4.639
0.250,0.840,0.337,2.991,-55.969,2.808
0.244,0.852,0.340,0.183,-51.758,0.488
0.228,0.900,0.373,0.977,-44.922,-2.869
0.212,0.976,0.432,5.798,-36.499,-6.104
0.198,1.045,0.499,14.893,-28.442,-8.301
0.191,1.098,0.568,25.208,-22.156,-8.179
0.188,1.150,0.635,34.180,-18.677,-6.042
0.193,1.191,0.682,41.199,-18.311,-2.319
0.202,1.195,0.693,45.349,-21.790,4.028
0.216,1.164,0.679,45.410,-27.405,11.597
0.227,1.117,0.648,43.091,-33.691,18.677
0.230,1.061,0.627,40.161,-39.307,24.597
0.239,1.005,0.606,37.598,-44.434,29.114
0.255,0.938,0.579,35.645,-49.377,32.104
0.272,0.872,0.548,33.997,-54.321,33.630
0.286,0.832,0.516,32.654,-58.533,32.349
"",,,,,
0.444,0.970,1.212,-41.443,75.745,-37.964
0.418,1.048,1.170,-49.866,56.946,-36.255
0.394,1.091,1.094,-54.993,41.199,-32.227
0.374,1.112,1.015,-55.481,30.457,-26.428
0.352,1.114,0.945,-50.903,24.536,-19.897
0.338,1.100,0.887,-41.443,23.193,-13.245
0.337,1.078,0.856,-29.846,24.658,-6.653
0.352,1.050,0.850,-17.273,27.283,-0.793
0.360,1.014,0.854,-4.944,29.114,4.395
0.369,0.984,0.852,4.456,28.625,9.155
0.375,0.958,0.835,9.827,25.574,13.550
0.395,0.928,0.792,11.597,20.752,17.822
0.420,0.910,0.729,10.742,15.137,22.034
0.445,0.895,0.647,8.606,10.437,26.428
0.449,0.861,0.563,7.751,7.996,30.151
0.448,0.813,0.494,9.583,8.972,33.752
0.445,0.753,0.441,13.123,12.329,36.072
0.459,0.701,0.414,16.602,16.724,37.231
0.510,0.670,0.399,17.883,21.790,37.598
0.531,0.608,0.405,17.639,27.344,37.598
0.535,0.541,0.415,18.250,32.166,35.400
0.542,0.503,0.421,18.921,36.194,30.090
0.550,0.495,0.425,18.311,39.612,23.560
0.567,0.505,0.424,17.456,43.030,16.235
0.578,0.522,0.432,17.090,46.326,9.155
0.613,0.512,0.435,17.883,50.171,2.869
0.619,0.490,0.454,15.198,53.467,-4.395
0.604,0.514,0.494,8.423,54.443,-13.733
0.595,0.543,0.532,3.845,55.054,-22.034
0.600,0.587,0.586,0.854,55.664,-30.273
0.586,0.629,0.641,-1.099,54.749,-38.757
0.562,0.670,0.694,-2.075,51.086,-47.363
0.533,0.722,0.737,-5.249,43.640,-55.786
0.504,0.783,0.759,-11.108,32.959,-62.622
0.484,0.849,0.762,-18.433,19.958,-67.078
0.466,0.911,0.752,-25.879,5.737,-68.726
0.444,0.973,0.729,-33.203,-8.423,-67.444
0.415,1.027,0.699,-39.917,-22.400,-63.965
0.390,1.084,0.649,-43.274,-34.973,-58.411
0.385,1.130,0.594,-44.739,-46.082,-50.598
0.390,1.146,0.522,-44.800,-55.725,-40.771
0.404,1.127,0.432,-44.067,-63.965,-30.090
0.422,1.089,0.335,-45.654,-70.618,-20.142
0.442,1.060,0.255,-48.218,-74.524,-11.292
0.461,1.034,0.182,-47.791,-75.073,-3.845
0.477,0.988,0.136,-44.556,-73.486,2.380
0.501,0.940,0.098,-40.649,-71.167,7.263
0.539,0.894,0.064,-37.903,-68.359,10.803
0.557,0.849,0.044,-35.522,-64.880,13.794
0.564,0.803,0.040,-32.593,-61.401,14.832
0.564,0.761,0.049,-31.738,-58.411,14.404
0.550,0.724,0.052,-33.447,-56.824,13.367
0.539,0.676,0.054,-36.560,-56.641,11.841
0.554,0.613,0.068,-41.565,-57.678,9.949
0.582,0.541,0.090,-49.561,-60.669,6.531
0.600,0.499,0.111,-63.599,-67.444,-0.122
0.590,0.507,0.122,-82.520,-76.904,-8.240
0.578,0.539,0.120,-98.572,-86.853,-16.602
0.579,0.559,0.105,-108.459,-95.459,-23.254
0.582,0.555,0.088,-112.793,-102.600,-28.076
0.603,0.551,0.068,-115.295,-108.704,-32.654
0.608,0.560,0.051,-118.652,-113.342,-36.682
0.608,0.593,0.030,-120.667,-116.943,-40.894
0.613,0.659,-0.005,-123.108,-119.141,-43.762
0.610,0.710,-0.034,-124.695,-118.835,-43.884
0.635,0.706,-0.086,-120.850,-117.126,-41.931
0.660,0.692,-0.130,-121.033,-114.380,-38.147
0.698,0.655,-0.175,-118.713,-110.901,-34.851
0.723,0.636,-0.233,-114.197,-105.347,-32.959
0.717,0.614,-0.284,-101.135,-95.398,-33.691
0.710,0.623,-0.344,-81.909,-84.351,-36.560
0.689,0.693,-0.393,-68.176,-72.632,-38.086
0.685,0.716,-0.440,-48.157,-56.946,-37.292
0.674,0.717,-0.445,-24.597,-38.025,-35.278
0.670,0.751,-0.404,-2.014,-18.433,-33.875
0.649,0.790,-0.353,19.775,-0.732,-33.203
0.635,0.831,-0.290,39.246,15.137,-31.189
0.641,0.839,-0.243,53.467,28.748,-27.283
0.604,0.841,-0.191,65.857,40.588,-23.132
0.596,0.873,-0.147,70.679,50.415,-18.433
0.600,0.904,-0.109,69.153,57.800,-12.085
0.601,0.921,-0.053,67.749,63.904,-4.883
0.644,0.910,-0.004,67.993,69.031,2.075
0.663,0.893,0.029,70.557,72.266,6.897
0.662,0.892,0.051,69.824,73.059,10.559
0.673,0.895,0.049,65.979,72.144,13.672
0.674,0.890,0.030,65.125,72.083,15.930
0.676,0.890,-0.000,66.528,72.571,17.578
0.665,0.910,-0.034,65.613,74.341,18.433
0.652,0.931,-0.054,61.951,77.698,20.447
0.646,0.948,-0.048,58.044,82.458,23.865
0.667,0.963,-0.019,56.091,88.440,28.320
0.689,0.983,0.028,58.350,95.337,33.020
0.707,0.978,0.090,63.965,102.295,39.063
0.727,0.945,0.145,72.144,107.239,45.715
0.751,0.895,0.186,80.139,109.558,51.514
0.771,0.850,0.219,85.266,109.558,56.152
0.782,0.814,0.240,88.135,107.910,59.204
0.783,0.778,0.240,89.417,104.736,60.669
0.782,0.750,0.235,88.745,100.952,61.279
0.779,0.729,0.227,87.280,97.351,60.669
0.776,0.727,0.224,86.609,94.360,59.082
0.762,0.725,0.226,88.318,91.858,57.434
0.745,0.719,0.225,91.614,89.966,56.152
0.733,0.707,0.228,95.215,88.135,54.932
0.723,0.696,0.234,98.633,86.914,53.772
0.716,0.681,0.243,100.281,85.327,52.917
0.712,0.661,0.258,99.731,82.825,51.880
0.702,0.638,0.270,96.863,79.468,50.781
0.715,0.631,0.284,91.187,74.402,49.561
0.717,0.624,0.292,83.801,67.749,47.607
0.700,0.604,0.268,77.332,60.242,44.983
0.678,0.589,0.228,70.374,52.124,42.786
0.662,0.581,0.178,62.012,45.471,40.833
0.648,0.576,0.127,54.016,40.588,39.185
0.630,0.571,0.084,47.546,38.086,37.415
0.610,0.566,0.052,42.175,38.208,35.706
0.596,0.566,0.036,37.598,40.100,33.813
0.586,0.568,0.038,33.325,43.518,31.738
"",,,,,
0.970,0.156,1.904,-186.462,117.065,-76.538
1.019,0.104,2.143,-185.303,81.116,-88.806
1.057,0.100,2.271,-201.782,33.264,-103.638
1.030,0.202,2.269,-226.929,-20.142,-123.169
0.953,0.402,2.152,-230.225,-70.801,-145.752
0.823,0.599,1.969,-203.064,-109.924,-165.894
0.687,0.759,1.732,-162.292,-136.292,-178.650
0.588,0.877,1.503,-126.526,-152.039,-181.335
0.500,0.951,1.298,-99.121,-159.119,-175.842
0.441,0.979,1.117,-76.111,-159.363,-165.405
0.403,0.934,0.980,-55.176,-153.625,-152.405
0.366,0.848,0.873,-39.124,-144.775,-140.259
0.346,0.778,0.795,-33.691,-135.254,-129.395
0.343,0.708,0.773,-39.307,-127.014,-118.103
0.336,0.615,0.772,-49.072,-120.850,-106.384
0.336,0.540,0.798,-61.951,-117.126,-96.436
0.335,0.479,0.816,-73.303,-114.258,-89.172
0.339,0.453,0.860,-81.787,-112.488,-84.351
0.344,0.444,0.908,-85.388,-110.718,-80.505
0.358,0.442,0.929,-86.243,-109.070,-76.904
0.361,0.437,0.939,-82.703,-106.812,-73.181
0.388,0.457,1.045,-75.684,-103.394,-69.519
0.411,0.403,1.110,-62.988,-101.318,-66.040
0.425,0.351,1.172,-57.068,-102.478,-63.049
0.437,0.302,1.189,-57.861,-105.774,-61.035
0.440,0.305,1.140,-68.604,-110.962,-58.838
0.473,0.323,1.134,-80.261,-115.845,-56.396
0.482,0.315,1.134,-79.163,-120.972,-53.528
0.410,0.274,1.097,-75.684,-125.854,-50.598
0.389,0.310,1.031,-77.209,-130.737,-47.852
0.476,0.292,0.936,-82.214,-133.118,-43.518
0.503,0.306,0.846,-98.938,-134.399,-36.560
0.523,0.321,0.771,-107.605,-135.681,-29.724
0.551,0.307,0.688,-102.478,-136.108,-24.475
0.564,0.291,0.614,-90.393,-136.597,-21.851
0.574,0.267,0.552,-71.472,-136.108,-21.729
0.540,0.231,0.484,-52.185,-135.742,-23.254
0.484,0.212,0.414,-34.912,-134.766,-26.917
0.443,0.216,0.344,-22.156,-132.996,-30.823
0.419,0.225,0.271,-14.465,-130.798,-33.752
0.393,0.239,0.203,-8.789,-127.258,-36.621
0.372,0.247,0.149,-5.737,-121.460,-38.696
0.351,0.254,0.112,-6.836,-114.563,-39.734
0.323,0.258,0.093,-10.254,-106.567,-40.283
0.287,0.266,0.088,-14.038,-98.389,-40.405
0.260,0.290,0.094,-18.250,-88.928,-40.466
0.238,0.320,0.105,-19.775,-77.087,-39.612
0.223,0.350,0.117,-15.930,-63.171,-38.330
0.211,0.378,0.139,-7.202,-48.279,-37.048
0.203,0.391,0.171,4.211,-32.654,-35.217
0.199,0.386,0.213,14.893,-16.602,-32.959
0.204,0.379,0.257,21.912,-1.709,-30.640
0.214,0.376,0.294,23.926,11.658,-29.053
0.222,0.378,0.321,20.996,23.193,-28.320
0.225,0.390,0.348,16.235,33.508,-28.442
0.231,0.394,0.375,10.620,43.030,-28.687
0.238,0.406,0.407,3.784,51.636,-28.870
0.251,0.421,0.437,-3.357,60.486,-28.992
0.278,0.441,0.473,-9.033,68.542,-28.931
0.315,0.454,0.502,-11.047,75.317,-28.870
0.345,0.458,0.524,-9.888,80.566,-28.809
0.362,0.461,0.549,-5.920,84.045,-28.564
0.365,0.488,0.563,2.258,84.900,-28.870
0.395,0.492,0.568,13.733,84.717,-28.076
0.439,0.489,0.570,24.231,83.008,-27.527
0.453,0.467,0.565,34.363,81.055,-27.771
0.428,0.468,0.549,36.255,80.261,-28.137
0.406,0.494,0.532,23.987,80.627,-26.917
0.417,0.525,0.518,7.874,82.153,-26.001
0.431,0.560,0.503,-6.348,84.290,-25.330
0.466,0.569,0.497,-14.954,87.341,-24.109
0.505,0.515,0.499,-22.278,90.942,-20.630
0.530,0.465,0.512,-38.757,93.811,-16.052
0.547,0.453,0.548,-60.608,94.299,-12.756
0.573,0.454,0.583,-78.613,92.285,-11.658
0.604,0.475,0.624,-93.262,88.684,-12.024
0.630,0.505,0.646,-100.037,83.923,-14.954
0.650,0.528,0.653,-97.046,79.529,-20.081
0.664,0.538,0.644,-88.867,74.768,-26.306
0.671,0.538,0.624,-79.468,69.885,-32.898
0.672,0.545,0.594,-74.280,64.697,-38.696
0.677,0.560,0.566,-73.120,59.326,-43.213
0.689,0.568,0.536,-75.073,54.443,-46.387
0.706,0.571,0.505,-81.116,50.110,-49.133
0.725,0.585,0.482,-90.088,46.326,-51.941
0.746,0.618,0.461,-100.403,43.396,-55.847
0.768,0.667,0.439,-107.605,41.992,-59.753
0.778,0.724,0.424,-109.131,42.664,-63.843
0.767,0.781,0.430,-104.980,46.265,-67.871
0.760,0.847,0.447,-96.802,52.307,-70.984
0.758,0.916,0.460,-84.778,60.364,-73.242
0.746,0.980,0.489,-69.946,70.801,-74.341
0.727,1.038,0.530,-52.368,82.886,-74.158
0.708,1.086,0.584,-33.997,95.398,-72.449
0.711,1.115,0.647,-17.578,106.323,-68.298
0.719,1.144,0.703,-7.080,114.197,-61.035
0.719,1.147,0.756,0.793,119.507,-52.429
0.725,1.126,0.813,9.033,122.803,-43.457
0.729,1.118,0.860,10.742,121.887,-34.180
0.729,1.115,0.900,8.911,117.310,-24.841
0.725,1.097,0.925,8.484,109.802,-16.235
0.714,1.094,0.920,8.728,100.098,-7.812
0.720,1.025,0.932,9.766,89.966,0.916
0.713,1.036,0.902,2.563,76.782,10.132
0.697,1.020,0.844,-1.404,63.354,20.264
0.682,0.996,0.781,0.671,53.345,30.029
0.671,0.988,0.733,4.272,47.485,39.246
0.667,0.989,0.695,13.428,46.082,47.913
0.650,0.985,0.663,28.625,48.035,56.091
0.641,0.971,0.638,47.791,51.086,63.538
0.638,0.944,0.624,64.941,54.626,71.289
0.630,0.909,0.643,75.439,57.556,80.322
0.636,0.868,0.680,81.360,59.082,90.149
0.645,0.828,0.732,86.426,58.533,99.182
0.643,0.793,0.806,90.881,54.810,106.262
0.607,0.786,0.931,92.773,48.767,111.145
0.599,0.812,1.088,96.558,39.001,114.502
0.634,0.859,1.263,104.248,23.193,119.141
0.685,0.892,1.394,115.173,0.916,126.404
"",,,,,
0.751,0.835,1.286,156.738,-59.631,145.142
0.773,0.779,1.087,179.321,-89.294,151.978
0.753,0.709,0.859,196.228,-111.877,156.738
0.707,0.611,0.636,205.078,-125.000,159.668
0.647,0.493,0.459,202.759,-128.479,160.400
0.580,0.372,0.348,186.035,-123.291,160.034
0.535,0.265,0.309,158.447,-111.389,157.410
0.527,0.205,0.313,129.272,-95.764,152.283
0.519,0.193,0.352,104.553,-78.430,144.897
0.496,0.215,0.413,90.637,-60.791,134.949
0.484,0.237,0.464,89.905,-44.006,123.718
0.485,0.250,0.509,94.543,-30.212,112.549
0.473,0.262,0.552,97.778,-19.958,102.051
0.458,0.275,0.578,99.243,-13.672,92.651
0.438,0.293,0.608,96.741,-11.414,83.984
0.422,0.320,0.646,89.478,-11.597,76.660
0.421,0.360,0.683,78.308,-12.878,71.472
0.420,0.391,0.718,69.580,-15.686,67.871
0.406,0.410,0.745,63.782,-19.531,64.758
0.401,0.415,0.754,60.059,-23.682,61.890
0.399,0.416,0.750,57.495,-26.978,59.021
0.391,0.407,0.740,56.274,-30.029,55.603
0.380,0.386,0.722,56.335,-32.593,51.331
0.375,0.359,0.693,56.335,-34.546,45.898
0.367,0.341,0.652,56.335,-35.889,39.734
0.349,0.334,0.601,56.702,-36.926,32.410
0.328,0.343,0.545,58.899,-37.231,23.865
0.302,0.363,0.484,62.927,-37.354,15.137
0.278,0.395,0.413,67.810,-36.804,7.751
0.257,0.418,0.339,72.693,-35.278,2.197
0.239,0.428,0.259,76.660,-32.654,-1.587
0.219,0.426,0.184,77.148,-28.198,-3.784
0.202,0.417,0.121,73.059,-21.851,-5.127
0.189,0.414,0.077,64.026,-13.367,-5.920
0.186,0.411,0.052,51.086,-3.662,-6.348
0.190,0.400,0.047,35.828,7.385,-6.470
0.198,0.380,0.060,19.653,20.569,-6.836
0.198,0.360,0.096,3.601,35.034,-8.728
0.194,0.364,0.150,-11.719,50.171,-13.245
0.194,0.409,0.212,-25.146,65.186,-20.386
0.204,0.483,0.284,-33.447,79.468,-28.870
0.216,0.564,0.352,-36.560,92.468,-36.621
0.230,0.632,0.414,-36.682,103.821,-41.565
0.242,0.677,0.470,-36.743,113.892,-43.884
0.258,0.703,0.515,-36.316,123.230,-44.556
0.288,0.718,0.561,-36.560,131.348,-44.739
0.333,0.727,0.607,-38.208,137.756,-44.739
0.380,0.725,0.652,-38.818,143.433,-44.556
0.424,0.711,0.718,-38.330,147.095,-45.471
0.456,0.708,0.790,-40.222,148.071,-47.791
0.488,0.714,0.862,-45.410,145.020,-50.964
0.524,0.722,0.917,-52.002,137.573,-54.199
0.559,0.737,0.962,-59.387,126.221,-57.251
0.595,0.730,0.982,-66.162,111.511,-61.279
0.576,0.733,0.995,-69.641,94.788,-66.650
0.559,0.755,0.984,-69.214,76.843,-73.120
0.570,0.759,0.950,-68.726,58.655,-77.393
0.593,0.731,0.896,-71.472,41.260,-79.407
0.585,0.704,0.843,-79.346,25.146,-81.177
0.569,0.697,0.792,-91.003,10.254,-82.581
0.563,0.699,0.734,-102.600,-2.258,-83.679
0.568,0.698,0.668,-112.244,-12.146,-83.984
0.579,0.693,0.595,-120.483,-19.592,-83.008
0.592,0.689,0.525,-128.418,-25.085,-81.421
0.586,0.694,0.464,-135.742,-28.992,-79.407
0.564,0.715,0.408,-140.015,-29.724,-76.477
0.552,0.710,0.367,-140.503,-26.855,-73.181
0.553,0.704,0.336,-142.822,-22.644,-70.374
0.559,0.707,0.314,-145.935,-18.250,-68.359
0.575,0.712,0.301,-146.729,-13.000,-66.833
0.588,0.718,0.294,-145.081,-7.446,-65.735
0.591,0.735,0.290,-140.991,-2.319,-65.308
0.589,0.754,0.287,-133.667,2.686,-65.308
0.582,0.773,0.286,-124.573,7.996,-64.819
0.575,0.791,0.293,-114.807,14.282,-63.477
0.569,0.795,0.304,-105.347,21.423,-60.974
0.568,0.787,0.325,-96.985,29.114,-57.983
0.577,0.773,0.354,-89.172,36.621,-55.542
0.576,0.754,0.394,-85.022,42.725,-53.955
0.568,0.735,0.442,-84.167,47.302,-53.101
0.570,0.731,0.491,-85.022,49.133,-52.551
0.576,0.750,0.531,-86.975,48.218,-52.307
0.574,0.783,0.568,-86.975,45.898,-51.208
0.563,0.823,0.597,-83.191,42.664,-49.744
0.554,0.861,0.610,-75.439,38.513,-47.546
0.556,0.898,0.612,-65.369,33.752,-44.617
0.552,0.937,0.613,-57.129,28.503,-40.771
0.537,0.955,0.615,-51.208,23.315,-36.072
0.536,0.944,0.604,-44.006,17.273,-31.982
0.538,0.948,0.561,-32.593,10.254,-29.480
0.570,0.916,0.483,-22.949,2.441,-24.353
0.595,0.837,0.384,-20.508,-6.104,-17.090
0.602,0.743,0.285,-25.818,-15.076,-10.803
0.607,0.669,0.199,-38.513,-23.315,-7.141
0.602,0.632,0.143,-57.434,-28.931,-7.141
0.581,0.633,0.119,-75.684,-31.128,-9.338
0.554,0.649,0.114,-86.731,-29.053,-12.390
0.533,0.677,0.126,-90.759,-23.987,-15.137
0.521,0.713,0.151,-89.661,-17.395,-17.334
0.513,0.744,0.178,-80.688,-9.521,-18.250
0.513,0.750,0.199,-65.186,-2.014,-18.738
0.516,0.739,0.217,-47.668,5.249,-18.555
0.515,0.718,0.234,-31.677,11.353,-18.372
0.518,0.697,0.248,-18.555,15.869,-18.677
0.532,0.678,0.259,-9.216,18.799,-19.775
0.551,0.662,0.261,-2.991,20.264,-21.667
0.562,0.650,0.262,0.549,20.508,-24.475
0.562,0.649,0.266,0.061,19.775,-28.625
0.554,0.668,0.282,-4.028,19.104,-34.180
0.544,0.712,0.311,-9.094,18.127,-40.833
0.540,0.768,0.339,-11.108,16.907,-47.180
0.543,0.827,0.367,-9.644,14.954,-52.551
0.545,0.875,0.391,-5.859,12.024,-55.237
0.547,0.898,0.406,-1.099,8.301,-55.420
0.549,0.905,0.416,2.991,4.517,-53.223
0.552,0.900,0.424,4.333,0.122,-50.293
0.567,0.893,0.425,4.517,-4.211,-47.119
0.588,0.885,0.421,4.211,-9.155,-43.945
0.603,0.880,0.417,2.197,-13.977,-41.016
"",,,,,
